Method,Rows,Censoring rate
zero,5000,0.33640000000000003
discard,3318,0.0
ipcw,5000,0.33640000000000003
